PIECE 1
In the floating containers.,0x0303,413.00446,797,19.9972
In the center of a triangle star.,0x1701,-625.00037,-580.0013,874.9963
The ARK's huge storage area. (far platform),0x0201,-565.00323,864.99536,-515.00073
On a rotating beacon above a blue moon.,0x0901,87.004326,865.9993,-40.00197
In front of the shortcut rocket. (left),0x0D01,40.002937,-63,0.003885865
In front of the shortcut rocket. (right),0x0E01,-35.003338,-63,0.003769159
Between the floating containers. (near enemy),0x0601,351.00455,790,-54.999886
The ARK's huge storage area. (far container),0x0301,-399.99698,982.0044,-729.99786
Next to the rocket pointing at the ARK.,0x0403,-49.995373,1066,-445.00485
Between the rotating beacons.,0x1501,-0.001081228,-593,1229.9961
On something strong.,0x1401,80.00409,-530,575.00244
In front of a big door that never opens.,0x1001,-450.00137,-590,-0.001556397
Where two stone platforms are joined.,0x0C01,-674.1077,864.99994,134.38899
In front of the weight elevator.,0x0501,329.99942,585,399.9964
In a wooden box.,0x0703,9.997786,-593,505.00296
The ARK's huge storage area. (near platform),0x0101,-569.99664,864.99536,-319.99777
Between the floating containers. (under box),0x0801,295.00055,790,21.998722
Near a moon with a rotating beacon.,0x0701,124.99876,829.9993,0.004226401
Drilling tower.,0x1301,-1000,-590,-270.0041
Zero point five.,0x1201,-989.99835,-585,121.99925
Hot molten lava below.,0x1101,716.9985,-564.9987,234.99968
A container within a container.,0x0003,-801.0011,901.5044,-210.00085
A fast rotating meteorite. (small),0x0503,-670.00476,881.99994,103.00167
A fast rotating meteorite. (big),0x0603,-570.7896,881.99994,-94.30664
Two huge containers.,0x0001,-160.00145,940.0044,400.00488
Above a blue moon in front of a tank. (moon),0x0A01,-589.9995,884.99994,64.99884
Above a blue moon in front of a tank. (tank),0x0B01,-623.9995,872.99994,64.99884
Between the noisy machines.,0x1601,570.0031,-580,1010.00037
A container that doesn't float.,0x0203,-374.73386,385,-53.997288
The huge shutter on the steel tower.,0x0F01,0.003690124,-340,0.09578729
Inside a container which is behind a container.,0x0103,-194.99937,850.0046,402.0004
The ARK's huge storage area. (near container),0x0401,-399.99698,982.0044,-419.99786
ENEMY
Dangerous liquid. (middle),0x000A,349.99805,775,10.002127
Dangerous liquid. (ARK),0x010A,361.37,2499,-323.53488
Dangerous water drops.,0x020A,-351.9979,2510,-333.0009
A GUN's machine is protecting the ARK.,0x030A,-342.48148,2535,344.75616
Evil water drops.,0x040A,-727.0031,871,199.99973
PIECE 2
Behind something powerful.,0x0A05,157.99832,-608,484.99933
Forgot to put it in a big container?,0x0200,-798.05066,995.0044,-619.1506
A moon and a missile.,0x0605,375.00027,569,-25.99723
The ARK's huge storage area.,0x0102,-202.99942,851.0044,501.99976
Twin stars. (right),0x0F05,-117.9951,-607,665.00085
On top of the steel drilling tower. (gray),0x0700,501.00433,-374,1079
Lonely moon.,0x0705,1.9963608,210,-72.502945
Floating stone above a moon.,0x0002,-133.72632,3158,-496.35468
In front of a big door that never opens. (right),0x0C05,-384.99747,-609,98.99875
The first stage.,0x0E05,79.99791,-608,972.99774
On top of the steel drilling tower. (yellow),0x0600,-1080.0009,-378,-349.99945
Steel guardian.,0x0202,-786.99695,907.0045,-420.0041
Too heavy to float.,0x0400,122.00016,246,-420.00238
Upper the floating tank! (near),0x0302,-65.00247,940.0044,-0.002684973
A star between three arches.,0x0905,512.9983,-608,-19.001905
Upper the floating tank! (far),0x0402,-623.9995,894.99994,64.99884
Black boxes on the black platform.,0x0100,313.00113,2547,375.0043
Under a star.,0x0005,73.65541,2318.9983,-413.1586
Two against one!,0x0205,102.99901,840.0044,934.99554
Two stars and one moon.,0x0305,147.49538,840.0044,955.25867
A switch in a cage.,0x0405,325.00085,564,370.00027
At the base of the rotating beacon.,0x0805,-289.99948,298.99503,-300.00037
In front of a big door that never opens. (left),0x0B05,-384.99747,-609,-101.00125
Twin stars. (left),0x0D05,-117.9951,-607,742.00085
Next to a rocket aimed at the ARK.,0x0300,-0.001197815,1034,-391.9968
Dig into a small meteorite.,0x0500,-750.00134,899.99994,200.00365
The highest rotating beacon.,0x0000,-112.003075,2455.9983,-547.9972
Between the moon and stars.,0x0105,-132.05716,2388.9983,-496.12775
A star and a missile.,0x0505,325.00027,569,-25.99723
PIECE 3
Moving around in front of the one floating tank.,0x0307,-34.95904541,915.6339111,-25.1973877
A glimpse of the meteorite.,0x0308,-1.3432465,1600.0018,-409.99988
Use a meteorite that flies when you hit it!,0x0708,190.0032,-425,-59.9986
Next to a mini-steel beam.,0x0804,-363.0011,335,-138.0045
Floating in front of three tanks.,0x0407,-5.181110382,1047.606323,416.2305298
Moving smoothly at the top of the ARK.,0x0007,258.9856567,2415.151611,-414.3865356
Try digging while watching the moon. (middle),0x0604,104.466675,505,401.06967
Jump from the star! (small),0x0608,-982.7466,1016.0044,276.99857
Jump from the star! (big),0x0508,-1121.3204,1066.0044,199.4152
A container at the top of the ARK.,0x0108,0.001934648,1499.9991,-0.001104698
Try digging while watching the stars. (upper),0x0204,-135.99957,1000,-420.00275
Surrounded by spinner containers.,0x0107,314.7487183,2552,304.3406677
Moving around the ARK's huge storage area.,0x0207,-656.7687378,876.2059326,-504.7804565
Circle the rotating beacon.,0x0607,-775.4245605,897.999939,182.9802399
Wandering between the second and third levels.,0x0707,106.9161835,-166.7113495,108.079155
At the top of the tip of the ARK.,0x0008,-30.002712,1184.9991,-106.0003
Middle of the rotating beacon.,0x0E04,-980.0049,-611,-689.9966
Behind a star.,0x0004,68.19063,2318.9983,-392.13675
Try digging while watching the moon. (upper),0x0104,136.00043,1000,-420.00275
Try digging while watching the moon. (lower-top),0x0304,108.99682,255,-238.0035
Next to the mini-steel beam.,0x0904,-328.0011,335,-138.0045
Try digging while watching the stars. (middle),0x0504,-105.533325,505,401.06967
Between two rotating beacons.,0x0B04,-786.9952,859,200.00447
Try digging while watching the moon. (lower-bottom),0x0404,108.99682,235,-238.0035
Try digging while watching the stars. (lower),0x0704,-108.00318,245,-238.0035
Jump from the star! (far),0x0408,-1327.158,935.0044,427.99127
Floating around the moon.,0x0507,-586.8013306,872.8684692,41.76307678
Powerless by itself.,0x0D04,-898.6204,-609,706.858
Center of a square shadow.,0x0F04,608.5106,-609,959.4904
The cage in a container.,0x0208,-451.10056,944.0044,-730.00024
